[
  {
    "tecnologia_da_informacao": [
      {"curso":"Tecnologia da Informação"},
      {
        "curso": "Ciências da Computação",
        "duracao": "48 meses",
        "investimento": "1+ 24 x de 209,00/mês",
        "carga_horaria": "3.200H",
        "inicio": "Todos os meses dia 01º",
        "sobre": "Ciências da Computação é o estudo teórico e prático da computação. Ela engloba uma variedade de áreas, incluindo algoritmos, estruturas de dados, programação, arquitetura de computadores, sistemas operacionais, inteligência artificial, redes de computadores, segurança da informação, entre outras."
      },
      {
        "curso": "Gestão da Tecnologia da Informação",
        "duracao": "24 meses",
        "investimento": "1+ 24 x de 209,00/mês",
        "carga_horaria": "2.020H",
        "inicio": "Todos os meses dia 01º",
        "sobre": "A Gestão da Tecnologia da Informação (TI) é uma área que envolve a administração dos recursos e sistemas de TI de uma organização. O objetivo é garantir que a tecnologia seja utilizada de forma estratégica para atender aos objetivos da empresa."
      },
      {
        "curso": "Tecnologia em Análise e Desenvolvimento de Sistemas",
        "duracao": "24 meses",
        "investimento": "1+ 24 x de 209,00/mês",
        "carga_horaria": "2.000H",
        "inicio": "Todos os meses dia 01º",
        "sobre": "A área de Tecnologia da Informação está entre as mais promissoras do mercado de trabalho atual. Podemos dizer que a área de Análise e Desenvolvimento de Sistemas, como o próprio nome já sugere, em analisar, desenvolver, projetar, implementar e atualizar sistemas de informação. Sendo assim, os profissionais responsáveis geram softwares que são executados em hardwares e operados por diversos usuários."
      },
      {
        "curso": "Tecnologia em Sistemas para a Internet",
        "duracao": "24 meses",
        "investimento": "1+ 24 x de 209,00/mês",
        "carga_horaria": "2.000H",
        "inicio": "Todos os meses dia 01º",
        "sobre": "Trata-se de um curso de nível superior que tem como objetivo geral formar profissionais através do desenvolvimento de qualificação que os permita gerenciar, produzir, desenvolver e implantar sistemas e serviços para serem aplicados na internet, através da criação de programas, aplicativos, comércio eletrônico, sites, enfim."
      }
    ]
  },
  {
    "gestao_e_negocios": [
      {"curso":"Gestão e Negócios"},
        {
          "curso": "Administração",
          "duracao": "48 meses",
          "investimento": "1+ 48 x de 219,00/mês",
          "carga_horaria": "3.140H",
          "inicio": "Todos os meses dia 01º",
          "sobre": "Administração é a prática de gerenciar recursos para alcançar os objetivos de uma organização. Envolve planejar, organizar, dirigir e controlar recursos humanos, financeiros, materiais, tempo e tecnologia. A administração é fundamental em qualquer ambiente de negócios ou setor da sociedade."
        },
        {
          "curso": "Ciências Contábeis",
          "duracao": "48 meses",
          "investimento": "1+ 48 x de 219,00/mês",
          "carga_horaria": "3.090H",
          "inicio": "Todos os meses dia 01º",
          "sobre": "Ciências Contábeis é uma área de estudo que se concentra no registro, análise e interpretação das atividades financeiras e patrimoniais de uma empresa. O profissional formado em Ciências Contábeis pode trabalhar em diversas áreas, tanto no setor público quanto no privado."
        },
        {
          "curso": "Ciências Econômicas",
          "duracao": "48 meses",
          "investimento": "1+ 48 x de 219,00/mês",
          "carga_horaria": "3.005H",
          "inicio": "Todos os meses dia 01º",
          "sobre": "Ciências Econômicas é o campo de estudo que analisa o funcionamento dos mercados capitalistas e o comportamento humano, com o objetivo de compreender os processos econômicos que influenciam a sociedade."
        },
        {
          "curso": "Gestão Ambiental",
          "duracao": "24 meses",
          "investimento": "1+ 24 x de 219,00/mês",
          "carga_horaria": "1.615H",
          "inicio": "Todos os meses dia 01º",
          "sobre": "Gestão Ambiental é a área que se dedica à administração e conservação do meio ambiente e dos recursos naturais, de forma a promover o desenvolvimento sustentável."
        },
        {
          "curso": "Gestão Comercial",
          "duracao": "24 meses",
          "investimento": "1+ 24 x de 219,00/mês",
          "carga_horaria": "1.615H",
          "inicio": "Todos os meses dia 01º",
          "sobre": "Gestão Comercial é o conjunto de estratégias e práticas que uma empresa utiliza para administrar a venda de produtos ou serviços. O objetivo é otimizar as vendas, garantir a satisfação dos clientes e impulsionar o crescimento do negócio."
        }
      ]
  },
  {
    "seguranca": [
      {"curso":"Segurança"},
        {
          "curso": "Gestão em Segurança Privada",
          "duracao": "24 meses",
          "investimento": "1+ 24 x de 219,00/mês",
          "carga_horaria": "1.615H",
          "inicio": "Todos os meses dia 01º",
          "sobre": "O curso de Gestão de Segurança Privada é uma graduação tecnológica que prepara profissionais para gerir empresas e áreas de segurança."
        },
        {
          "curso": "Segurança Pública",
          "duracao": "24 meses",
          "investimento": "1+ 24 x de 219,00/mês",
          "carga_horaria": "1.615H",
          "inicio": "Todos os meses dia 01º",
          "sobre": "O curso de Segurança Pública prepara profissionais para atuar em unidades de segurança pública, com disciplinas como criminologia, direito penal, psicologia e finanças públicas."
        }
      ]
  },
  {
    "educacao": [
  {
    "curso": "Educação"
  },
  {
    "curso": "Artes",
    "duracao": "48 meses",
    "investimento": "1+ 48 x de 194,00/mês",
    "carga_horaria": "3.280H",
    "inicio": "Todos os meses dia 01º",
    "sobre": "Artes é uma área de conhecimento que contribui para a formação humana do aluno, ajudando-o a compreender a sociedade e a cultura de forma crítica."
  },
  {
    "curso": "Ciências Biológicas",
    "duracao": "48 meses",
    "investimento": "1+ 48 x de 194,00/mês",
    "carga_horaria": "3.400H",
    "inicio": "Todos os meses dia 01º",
    "sobre": "Ciências Biológicas é uma área de estudo multidisciplinar que aborda a vida em seus diversos aspectos, desde a estrutura molecular dos organismos até a ecologia dos ecossistemas."
  },
  {
    "curso": "Educação Especial",
    "duracao": "48 meses",
    "investimento": "1+ 48 x de 194,00/mês",
    "carga_horaria": "3.280H",
    "inicio": "Todos os meses dia 01º",
    "sobre": "A educação especial é uma modalidade de ensino que oferece atendimento personalizado para alunos com deficiência, transtornos globais do desenvolvimento, altas habilidades ou superdotação. O objetivo é que todos tenham oportunidades iguais de aprendizagem."
  },
  {
    "curso": "Educação Física",
    "duracao": "48 meses",
    "investimento": "1+ 48 x de 194,00/mês",
    "carga_horaria": "3.280H",
    "inicio": "Todos os meses dia 01º",
    "sobre": "Educação Física é uma área do conhecimento que engloba um conjunto de atividades físicas, esportes e práticas corporais, com o objetivo de promover a saúde e o desenvolvimento físico."
  },
  {
    "curso": "Geografia",
    "duracao": "48 meses",
    "investimento": "1+ 48 x de 194,00/mês",
    "carga_horaria": "3.280H",
    "inicio": "Todos os meses dia 01º",
    "sobre": "Geografia é a ciência que estuda o espaço geográfico, as relações entre a sociedade e o meio ambiente, e os fenômenos naturais e socioeconômicos que ocorrem sobre ele."
  },
  {
    "curso": "História",
    "duracao": "48 meses",
    "investimento": "1+ 48 x de 194,00/mês",
    "carga_horaria": "3.280H",
    "inicio": "Todos os meses dia 01º",
    "sobre": "História é a ciência que estuda as ações humanas ao longo do tempo e do espaço. O historiador, profissional que atua na área, analisa criticamente os acontecimentos passados, utilizando fontes históricas, como vestígios deixados pela sociedade."
  },
  {
    "curso": "Letras Português",
    "duracao": "48 meses",
    "investimento": "1+ 48 x de 194,00/mês",
    "carga_horaria": "3.280H",
    "inicio": "Todos os meses dia 01º",
    "sobre": "O curso de Letras Português é uma graduação que tem como objetivo formar profissionais com uma visão teórico-prática da língua portuguesa e da literatura. O curso aborda a estrutura, funcionamento e evolução do idioma, além de explorar obras literárias e disciplinas como gramática, linguística, teoria da literatura e redação."
  },
  {
    "curso": "Matemática",
    "duracao": "48 meses",
    "investimento": "1+ 48 x de 194,00/mês",
    "carga_horaria": "3.270H",
    "inicio": "Todos os meses dia 01º",
    "sobre": "Matemática é a ciência que estuda números, formas, grandezas, possibilidades, estruturas, organizações e variações. É uma área do conhecimento que se relaciona com diversas ciências e técnicas, e é muito útil para resolver problemas do dia a dia e de natureza técnico-científica."
  },
  {
    "curso": "Pedagogia",
    "duracao": "48 meses",
    "investimento": "1+ 48 x de 164,90/mês",
    "carga_horaria": "3.250H",
    "inicio": "Todos os meses dia 01º",
    "sobre": "Pedagogia é a ciência que estuda a educação, os processos de ensino e aprendizagem, e os aspectos do desenvolvimento humano no contexto educacional."
  }
]

  }

]
