[
    {
      "curso": "INOVAÇÃO E NEGÓCIOS",
      "duracao": "12 MESES",
      "investimento": "1 + 12x de R$ 179,90 mensais",
      "carga_horaria": "600h",
      "inicio": "Todos os meses dia 01º",
      "sobre": "O curso tem o objetivo de formar gestores capazes de estruturar e analisar o capital da empresa, a tomar decisões de investimento e financiamento e a reconhecer os riscos, gerenciando-os de modo eficaz, mesmo em cenários de crise. O aluno aprenderá a utilizar ferramentas e técnicas para interpretar dados financeiros e lidar com os crescentes riscos, inclusive cibernéticos, para tomar decisões estratégicas assertivas."
    },
    {
      "curso": "LOGÍSTICA E SUPPLY CHAIN",
      "duracao": "12 MESES",
      "investimento": "1 + 12x de R$ 179,90 mensais",
      "carga_horaria": "600h",
      "inicio": "Todos os meses dia 01º",
      "sobre": "O curso visa capacitar profissionais para o planejamento, execução e controle de operações logísticas e de supply chain, de modo a garantir a eficiência e a eficácia dos processos de movimentação e armazenagem de materiais, bem como a integração das atividades de fornecedores, fabricantes, distribuidores e clientes."
    },
    {
      "curso": "MARKETING E MÍDIAS DIGITAIS",
      "duracao": "12 MESES",
      "investimento": "1 + 12x de R$ 179,90 mensais",
      "carga_horaria": "600h",
      "inicio": "Todos os meses dia 01º",
      "sobre": "O curso tem como objetivo instrumentalizar e atualizar o profissional para atuar em diversas frentes do marketing e do e-commerce, tanto na criação e implementação de campanhas tradicionais e digitais, quanto no controle e mensuração de resultados."
    },
    {
      "curso": "MBA EM GESTÃO ESTRATÉGICA DE PESSOAS E LIDERANÇAS",
      "duracao": "12 MESES",
      "investimento": "1 + 12x de R$ 179,90 mensais",
      "carga_horaria": "600h",
      "inicio": "Todos os meses dia 01º",
      "sobre": "O objetivo do curso é formar gestores de pessoas que sejam líderes e agentes de mudanças, capazes de descentralizar a tomada de decisões, de delegar responsabilidades e de trabalhar de modo colaborativo, empoderando suas equipes."
    }
  ]
  