[
    {
      "curso": "ALFABETIZAÇÃO E LERAMENTO",
      "duracao": "9 MESES",
      "investimento": "1 + 7x de R$ 114,90 mensais",
      "carga_horaria": "450H",
      "inicio": "Todos os meses dia 01º",
      "sobre": "O curso tem como objetivo aprimorar a atuação de profissionais que trabalham ou têm interesse de trabalhar com alfabetização e letramento nos anos iniciais do Ensino Fundamental, trazendo reflexões importantes sobre o aprendizado da leitura e a aquisição da escrita como práticas sociais. Com professores experientes e reconhecidos no mercado, o curso está conectado às mais modernas pesquisas sobre alfabetização e letramento e propõe a integração entre teoria e prática, procurando dar todo o embasamento necessário não apenas para os docentes, mas para os profissionais que se interessam pela área."
    },
    {
      "curso": "EDUCAÇÃO INFANTIL",
      "duracao": "9 MESES",
      "investimento": "1 + 7x de R$ 114,90 mensais",
      "carga_horaria": "450H",
      "inicio": "Todos os meses dia 01º",
      "sobre": "O curso tem como objetivo apresentar os fundamentos que orientam a prática pedagógica na Educação Infantil, as principais concepções e a organização didática dessa que é a primeira etapa da Educação Básica, além de oportunizar o estudo e instrumentalizar a pesquisa e a reflexão acerca de metodologias e projetos para a Educação Infantil, tendo como base o Referencial Curricular Nacional para a Educação Infantil (RCNEI) e a Base Nacional Comum Curricular (BNCC)."
    },
    {
      "curso": "ENSINO LÚDICO",
      "duracao": "9 MESES",
      "investimento": "1 + 7x de R$ 114,90 mensais",
      "carga_horaria": "450H",
      "inicio": "Todos os meses dia 01º",
      "sobre": "O curso tem como objetivo abordar a importância dos jogos, brinquedos e brincadeiras na escola, propiciando reflexões sobre a prática lúdica como um recurso educativo essencial para a aprendizagem e para a formação dos sujeitos."
    },
    {
      "curso": "COORDENAÇÃO PEDAGÓGICA",
      "duracao": "9 MESES",
      "investimento": "1 + 7x de R$ 114,90 mensais",
      "carga_horaria": "450H",
      "inicio": "Todos os meses dia 01º",
      "sobre": "O curso tem como objetivo trazer reflexões importantes acerca dos diversos papéis do coordenador pedagógico no ambiente escolar, com destaque à mediação de conflitos, à gestão e supervisão do trabalho pedagógico e à articulação entre todos os envolvidos no processo educativo, a fim de garantir a qualidade da educação ofertada pela escola."
    },
    {
      "curso": "EDUCOMUNICAÇÃO",
      "duracao": "9 MESES",
      "investimento": "1 + 7x de R$ 114,90 mensais",
      "carga_horaria": "450H",
      "inicio": "Todos os meses dia 01º",
      "sobre": "O curso de Pós-graduação Lato Sensu em nível de Especialização em Educomunicação oferece reflexões sobre a relevância da alfabetização e do letramento digital em uma sociedade multimidiática e interconectada. Destinado principalmente aos educadores, o curso busca aprimorar a capacidade crítica para filtrar informações recebidas pelas mídias e analisar sua veracidade e importância. Ele discute e propõe abordagens teórico-metodológicas e intervenções didáticas nos processos educativos com base em novos contextos comunicativos propiciados pela cultura digital, pelos recursos tecnológicos e pelas ferramentas midiáticas contemporâneas."
    }
  ]
  